{"cameraMode":{"drawMode":0,"name":"Shaded","section":"Shading Mode"},"sceneLighting":false,"audioPlay":false,"sceneViewState":{"m_AlwaysRefresh":false,"showFog":true,"showSkybox":false,"showFlares":true,"showImageEffects":true,"showParticleSystems":true,"showVisualEffectGraphs":true,"m_FxEnabled":true},"in2DMode":false,"pivot":{"x":8.473164558410645,"y":6.950176239013672,"z":3.9346683025360109},"rotation":{"x":0.09574510157108307,"y":-0.5692287683486939,"z":0.08404619246721268,"w":0.8120405673980713},"size":0.06968560814857483,"orthographic":false}