{"cameraMode":{"drawMode":0,"name":"Shaded","section":"Shading Mode"},"sceneLighting":false,"audioPlay":false,"sceneViewState":{"m_AlwaysRefresh":false,"showFog":true,"showSkybox":false,"showFlares":true,"showImageEffects":true,"showParticleSystems":true,"showVisualEffectGraphs":true,"m_FxEnabled":true},"in2DMode":false,"pivot":{"x":0.08385944366455078,"y":2.227821111679077,"z":13.591094970703125},"rotation":{"x":-0.05041678622364998,"y":0.8354802131652832,"z":-0.10399983823299408,"w":-0.5370984673500061},"size":4.274021625518799,"orthographic":false}